,Payment_type,avgtrip_distane
0,2,2.4605817384068547
1,3,1.7286931818181814
2,4,2.2542483660130714
3,5,2.22
